"Time (s)","Distance (cm)"
1.188156420E-1,5.000000000E0
