"Time (s)","Illuminance (lx)"
0.000000000E0,4.561249733E0
2.566912877E0,6.389999866E0
4.546004918E0,5.847499847E0
6.944392858E0,4.248749733E0
