"Time (s)","Distance (cm)"
9.867923500E-2,5.000000000E0
