"Time (s)","Distance (cm)"
1.013006750E-1,5.000000000E0
