"Time (s)","Illuminance (lx)"
0.000000000E0,3.003749847E0
4.256252964E0,3.862499893E-1
8.707632694E1,1.077250004E1
