"Time (s)","Distance (cm)"
7.229739700E-2,5.000000000E0
1.169395786E0,0.000000000E0
1.668053501E0,5.000000000E0
1.917381626E0,0.000000000E0
8.686890482E1,5.000000000E0
