"Time (s)","Distance (cm)"
1.054705840E-1,5.000000000E0
4.408012122E1,0.000000000E0
