"Time (s)","Distance (cm)"
3.682041657E-3,5.000000000E0
2.805678792E0,0.000000000E0
1.083669412E3,5.000000000E0