"Time (s)","Distance (cm)"
3.530249989E-3,5.000000000E0
6.378737499E-2,0.000000000E0
2.952768750E-1,5.000000000E0
2.118477667E0,0.000000000E0
1.060674419E3,5.000000000E0