"Time (s)","Distance (cm)"
1.166590100E-1,5.000000000E0
