"Time (s)","Distance (cm)"
3.830833302E-3,5.000000000E0
6.475595833E-2,0.000000000E0
1.952627083E-1,5.000000000E0
2.587574833E0,0.000000000E0
1.047003543E3,5.000000000E0