"Time (s)","Distance (cm)"
8.181816300E-2,5.000000000E0
