"Time (s)","Illuminance (lx)"
0.000000000E0,4.349999905E0
2.012645732E0,3.449999809E0
4.069882304E0,2.762500048E-1
