"Time (s)","Distance (cm)"
1.058547170E-1,5.000000000E0
1.634992656E0,0.000000000E0
3.928053514E1,5.000000000E0
