"Time (s)","Distance (cm)"
1.000788670E-1,5.000000000E0
4.505242441E0,0.000000000E0
1.988465187E1,5.000000000E0
