"Time (s)","Illuminance (lx)"
0.000000000E0,4.096824951E2
6.729380605E0,3.575862427E2
2.021771521E1,2.359087372E2
5.086478053E1,9.016500092E1
