"Time (s)","Distance (cm)"
1.054829700E-1,5.000000000E0
5.024348628E1,0.000000000E0
5.040978170E1,5.000000000E0
5.090869557E1,0.000000000E0
5.107498172E1,5.000000000E0
